{"stat.useItem.minecraft.bow":58,"stat.pickup.minecraft.wooden_slab":33,"stat.leaveGame":11,"stat.drop.minecraft.gunpowder":7,"stat.useItem.minecraft.bookshelf":11,"stat.craftItem.minecraft.iron_axe":2,"stat.drop.minecraft.redstone":38,"stat.useItem.minecraft.planks":23,"stat.pickup.minecraft.glowstone_dust":1,"stat.pickup.minecraft.porkchop":43,"stat.mineBlock.minecraft.birch_fence_gate":1,"stat.useItem.minecraft.water_bucket":5,"stat.drop.minecraft.iron_sword":5,"stat.pickup.minecraft.rotten_flesh":31,"stat.pickup.minecraft.sand":2,"stat.pickup.minecraft.hardened_clay":174,"stat.craftItem.minecraft.stone_axe":2,"stat.mineBlock.minecraft.wooden_slab":33,"stat.craftItem.minecraft.stone_sword":5,"stat.useItem.minecraft.anvil":2,"stat.mineBlock.minecraft.sand":5,"stat.killEntity.Witch":1,"stat.useItem.minecraft.fence_gate":5,"stat.useItem.minecraft.iron_pickaxe":924,"stat.pickup.minecraft.stained_hardened_clay":236,"stat.useItem.minecraft.iron_shovel":298,"stat.pickup.minecraft.double_plant":1,"stat.craftItem.minecraft.bed":1,"stat.useItem.minecraft.hardened_clay":65,"stat.furnaceInteraction":196,"stat.killEntity.ZombieVillager":1,"stat.pickup.minecraft.fence_gate":4,"stat.pickup.minecraft.beef":76,"stat.pickup.minecraft.furnace":3,"stat.useItem.minecraft.cooked_mutton":1,"stat.mineBlock.minecraft.stained_hardened_clay":255,"stat.pickup.minecraft.iron_chestplate":3,"stat.useItem.minecraft.stone_stairs":23,"stat.pickup.minecraft.stone_stairs":12,"stat.craftItem.minecraft.fence_gate":2,"stat.useItem.minecraft.wheat_seeds":48,"stat.deaths":3,"stat.playOneMinute":437396,"stat.drop.minecraft.string":5,"stat.craftItem.minecraft.iron_pickaxe":7,"stat.drop.minecraft.chest":4,"stat.drop.minecraft.torch":221,"stat.mineBlock.minecraft.tallgrass":32,"stat.craftItem.minecraft.cooked_mutton":1,"stat.chestOpened":320,"stat.craftItem.minecraft.sign":12,"stat.useItem.minecraft.stone":291,"stat.craftItem.minecraft.carpet":3,"stat.pickup.minecraft.arrow":41,"stat.pickup.minecraft.iron_sword":8,"stat.craftItem.minecraft.coal":6,"stat.drop.minecraft.iron_pickaxe":5,"stat.pickup.minecraft.cooked_chicken":2,"stat.fallOneCm":159060,"stat.drop.minecraft.dye":42,"stat.drop.minecraft.stone_sword":1,"stat.crouchOneCm":5402,"stat.craftItem.minecraft.iron_ingot":121,"stat.craftItem.minecraft.chest":4,"stat.useItem.minecraft.iron_hoe":61,"stat.mineBlock.minecraft.hardened_clay":197,"stat.craftingTableInteraction":79,"stat.mineBlock.minecraft.log2":34,"stat.drop.minecraft.double_plant":1,"stat.pickup.minecraft.feather":16,"stat.drop.minecraft.iron_leggings":1,"stat.pickup.minecraft.record_cat":1,"stat.useItem.minecraft.furnace":7,"stat.useItem.minecraft.reeds":14,"stat.pickup.minecraft.dye":43,"stat.pickup.minecraft.planks":44,"stat.pickup.minecraft.iron_leggings":2,"stat.pickup.minecraft.wheat_seeds":33,"stat.mineBlock.minecraft.gravel":273,"stat.useItem.minecraft.stone_pickaxe":296,"stat.breakItem.minecraft.stone_axe":1,"stat.mineBlock.minecraft.glass":3,"stat.useItem.minecraft.stone_sword":130,"stat.craftItem.minecraft.iron_leggings":2,"stat.useItem.minecraft.wool":1,"stat.mineBlock.minecraft.dirt":115,"stat.useItem.minecraft.torch":315,"stat.pickup.minecraft.birch_fence_gate":1,"stat.drop.minecraft.rotten_flesh":5,"stat.pickup.minecraft.crafting_table":4,"stat.useItem.minecraft.log":7,"stat.useItem.minecraft.cobblestone":43,"stat.craftItem.minecraft.crafting_table":4,"stat.useItem.minecraft.gravel":26,"stat.mineBlock.minecraft.double_plant":4,"stat.craftItem.minecraft.boat":1,"stat.pickup.minecraft.log":241,"stat.pickup.minecraft.iron_pickaxe":3,"stat.craftItem.minecraft.gold_ingot":37,"stat.drop.minecraft.sapling":1,"stat.pickup.minecraft.chicken":25,"stat.pickup.minecraft.sapling":61,"stat.pickup.minecraft.apple":4,"stat.useItem.minecraft.glass_pane":4,"stat.craftItem.minecraft.planks":316,"stat.useItem.minecraft.iron_sword":250,"stat.pickup.minecraft.book":15,"stat.mineBlock.minecraft.log":224,"stat.craftItem.minecraft.cooked_chicken":23,"stat.craftItem.minecraft.paper":57,"stat.pickup.minecraft.red_flower":13,"stat.sneakTime":13899,"stat.pickup.minecraft.wool":6,"stat.pickup.minecraft.stone_slab":22,"stat.pickup.minecraft.chest":32,"stat.drop.minecraft.stone_pickaxe":3,"stat.pickup.minecraft.bone":7,"stat.useItem.minecraft.iron_axe":263,"stat.mineBlock.minecraft.cobblestone":15,"stat.pickup.minecraft.stone_pickaxe":1,"stat.pickup.minecraft.flint":36,"stat.swimOneCm":67201,"stat.climbOneCm":31343,"stat.drop.minecraft.cobblestone":8,"stat.pickup.minecraft.cooked_porkchop":7,"stat.craftItem.minecraft.arrow":44,"stat.breakItem.minecraft.iron_pickaxe":3,"stat.useItem.minecraft.dirt":116,"stat.pickup.minecraft.bow":2,"stat.pickup.minecraft.iron_boots":2,"stat.pickup.minecraft.diamond_horse_armor":1,"stat.craftItem.minecraft.furnace":4,"stat.useItem.minecraft.red_flower":2,"stat.craftItem.minecraft.iron_boots":2,"stat.pickup.minecraft.anvil":1,"stat.craftItem.minecraft.trapdoor":2,"stat.craftItem.minecraft.stone_pickaxe":8,"stat.craftItem.minecraft.cooked_beef":41,"stat.pickup.minecraft.cobblestone":464,"stat.craftItem.minecraft.bow":1,"stat.drop.minecraft.record_cat":1,"stat.useItem.minecraft.stone_shovel":46,"stat.flyOneCm":790191,"stat.drop.minecraft.iron_helmet":1,"stat.drop.minecraft.wheat_seeds":1,"stat.craftItem.minecraft.wooden_slab":72,"stat.useItem.minecraft.cooked_beef":29,"stat.pickup.minecraft.redstone":38,"stat.mineBlock.minecraft.iron_ore":53,"stat.craftItem.minecraft.book":19,"stat.timeSinceDeath":256531,"stat.useItem.minecraft.sign":9,"stat.useItem.minecraft.wooden_slab":55,"stat.pickup.minecraft.mutton":9,"stat.craftItem.minecraft.iron_block":6,"stat.drop.minecraft.coal":88,"stat.pickup.minecraft.wooden_axe":1,"stat.useItem.minecraft.cooked_porkchop":19,"stat.pickup.minecraft.iron_shovel":1,"stat.mineBlock.minecraft.coal_ore":121,"stat.killEntity.Creeper":1,"stat.pickup.minecraft.string":15,"stat.mineBlock.minecraft.ladder":5,"stat.entityKilledBy.Skeleton":1,"stat.killEntity.Squid":1,"stat.sprintOneCm":840627,"stat.mineBlock.minecraft.stone_slab":18,"stat.craftItem.minecraft.stick":320,"stat.useItem.minecraft.stone_slab":24,"stat.useItem.minecraft.bed":1,"stat.craftItem.minecraft.stone":515,"stat.mineBlock.minecraft.crafting_table":4,"stat.useItem.minecraft.bucket":4,"stat.mineBlock.minecraft.planks":15,"stat.drop":49,"stat.killEntity.Sheep":5,"stat.breakItem.minecraft.iron_shovel":1,"stat.useItem.minecraft.ladder":26,"stat.drop.minecraft.iron_boots":1,"stat.craftItem.minecraft.diamond_pickaxe":1,"stat.killEntity.Zombie":16,"stat.craftItem.minecraft.dye":12,"stat.diveOneCm":36696,"stat.pickup.minecraft.wheat":5,"stat.craftItem.minecraft.ladder":78,"stat.pickup.minecraft.gravel":316,"stat.drop.minecraft.cooked_beef":32,"stat.craftItem.minecraft.cooked_porkchop":36,"stat.mineBlock.minecraft.anvil":1,"stat.useItem.minecraft.apple":2,"stat.jump":5616,"stat.pickup.minecraft.coal":347,"stat.pickup.minecraft.iron_helmet":2,"stat.pickup.minecraft.iron_ingot":77,"stat.useItem.minecraft.stone_axe":203,"stat.pickup.minecraft.gunpowder":7,"stat.pickup.minecraft.spider_eye":3,"stat.craftItem.minecraft.torch":136,"stat.pickup.minecraft.dirt":188,"stat.craftItem.minecraft.iron_helmet":2,"stat.drop.minecraft.iron_shovel":1,"stat.useItem.minecraft.cooked_chicken":3,"stat.pickup.minecraft.iron_ore":91,"stat.useItem.minecraft.glass":3,"stat.boatOneCm":89913,"stat.useItem.minecraft.sapling":30,"stat.pickup.minecraft.iron_axe":2,"stat.mineBlock.minecraft.leaves2":10,"stat.mineBlock.minecraft.stone_stairs":13,"stat.damageTaken":4197,"stat.pickup.minecraft.leather":25,"stat.mineBlock.minecraft.red_flower":14,"stat.mineBlock.minecraft.furnace":3,"stat.mineBlock.minecraft.torch":99,"stat.mineBlock.minecraft.sapling":4,"stat.pickup.minecraft.log2":34,"stat.pickup.minecraft.reeds":68,"stat.craftItem.minecraft.birch_fence":9,"stat.useItem.minecraft.birch_fence":11,"stat.mineBlock.minecraft.fence_gate":3,"stat.damageDealt":10641,"stat.sleepInBed":1,"stat.craftItem.minecraft.anvil":1,"stat.killEntity.Cow":24,"stat.useItem.minecraft.crafting_table":7,"stat.killEntity.Pig":13,"stat.craftItem.minecraft.iron_sword":3,"stat.craftItem.minecraft.stone_slab":30,"stat.craftItem.minecraft.stone_shovel":1,"stat.pickup.minecraft.boat":2,"stat.walkOneCm":865751,"stat.mineBlock.minecraft.birch_fence":3,"stat.playerKills":1,"stat.pickup.minecraft.stick":15,"stat.breakItem.minecraft.stone_pickaxe":2,"stat.craftItem.minecraft.birch_fence_gate":2,"stat.drop.minecraft.iron_chestplate":1,"stat.useItem.minecraft.birch_fence_gate":2,"stat.pickup.minecraft.stone":231,"stat.craftItem.minecraft.iron_chestplate":1,"stat.mineBlock.minecraft.wool":1,"stat.useItem.minecraft.stained_hardened_clay":124,"stat.drop.minecraft.wooden_slab":5,"stat.pickup.minecraft.cooked_beef":42,"stat.pickup.minecraft.ladder":5,"stat.killEntity.Skeleton":5,"stat.craftItem.minecraft.bookshelf":11,"stat.killEntity.Chicken":21,"stat.killEntity.Spider":6,"stat.mobKills":94,"stat.mineBlock.minecraft.bookshelf":5,"stat.pickup.minecraft.birch_fence":3,"stat.useItem.minecraft.boat":2,"stat.breakItem.minecraft.iron_axe":1,"stat.mineBlock.minecraft.leaves":216,"stat.pickup.minecraft.torch":462,"stat.mineBlock.minecraft.stone":517}