{"stat.pickup.minecraft.wooden_slab":45,"stat.leaveGame":26,"stat.craftItem.minecraft.iron_axe":1,"stat.mineBlock.minecraft.stained_glass":1,"stat.useItem.minecraft.planks":6,"stat.pickup.minecraft.porkchop":20,"stat.mineBlock.minecraft.birch_fence_gate":1,"stat.useItem.minecraft.water_bucket":81,"stat.mineBlock.minecraft.red_mushroom":1,"stat.pickup.minecraft.rotten_flesh":43,"stat.pickup.minecraft.sand":239,"stat.pickup.minecraft.name_tag":2,"stat.pickup.minecraft.cobblestone_wall":6,"stat.mineBlock.minecraft.wooden_slab":10,"stat.craftItem.minecraft.cobblestone_wall":18,"stat.craftItem.minecraft.iron_shovel":9,"stat.mineBlock.minecraft.sand":239,"stat.killEntity.Witch":3,"stat.useItem.minecraft.fence_gate":3,"stat.useItem.minecraft.iron_pickaxe":3807,"stat.craftItem.minecraft.wooden_pickaxe":4,"stat.useItem.minecraft.iron_shovel":1337,"stat.pickup.minecraft.double_plant":28,"stat.craftItem.minecraft.glass_pane":160,"stat.furnaceInteraction":215,"stat.killEntity.ZombieVillager":1,"stat.pickup.minecraft.beef":24,"stat.useItem.minecraft.cooked_mutton":2,"stat.useItem.minecraft.stained_glass":18,"stat.pickup.minecraft.iron_chestplate":3,"stat.useItem.minecraft.fence":106,"stat.useItem.minecraft.stone_stairs":69,"stat.pickup.minecraft.stone_stairs":3,"stat.mineBlock.minecraft.fence":2,"stat.useItem.minecraft.wheat_seeds":146,"stat.craftItem.minecraft.fence_gate":6,"stat.deaths":7,"stat.pickup.minecraft.egg":2,"stat.craftItem.minecraft.melon_seeds":4,"stat.playOneMinute":641631,"stat.craftItem.minecraft.wooden_shovel":1,"stat.drop.minecraft.string":2,"stat.craftItem.minecraft.iron_pickaxe":13,"stat.drop.minecraft.iron_ingot":15,"stat.useItem.minecraft.jukebox":1,"stat.mineBlock.minecraft.tallgrass":486,"stat.craftItem.minecraft.cooked_mutton":10,"stat.chestOpened":470,"stat.useItem.minecraft.stone":1015,"stat.pickup.minecraft.iron_sword":6,"stat.pickup.minecraft.arrow":27,"stat.craftItem.minecraft.coal":1,"stat.craftItem.minecraft.iron_hoe":2,"stat.fallOneCm":110710,"stat.drop.minecraft.stone":19,"stat.pickup.minecraft.melon_seeds":4,"stat.crouchOneCm":20413,"stat.mineBlock.minecraft.chest":5,"stat.craftItem.minecraft.iron_ingot":139,"stat.craftItem.minecraft.chest":36,"stat.pickup.minecraft.red_mushroom":14,"stat.pickup.minecraft.melon":13,"stat.useItem.minecraft.iron_hoe":200,"stat.craftingTableInteraction":75,"stat.mineBlock.minecraft.log2":74,"stat.pickup.minecraft.feather":9,"stat.pickup.minecraft.record_cat":2,"stat.useItem.minecraft.reeds":18,"stat.craftItem.minecraft.wooden_sword":1,"stat.pickup.minecraft.dye":121,"stat.pickup.minecraft.planks":113,"stat.pickup.minecraft.iron_leggings":3,"stat.pickup.minecraft.wheat_seeds":163,"stat.mineBlock.minecraft.gravel":5,"stat.useItem.minecraft.stone_pickaxe":409,"stat.mineBlock.minecraft.glass":36,"stat.useItem.minecraft.stone_sword":349,"stat.useItem.minecraft.record_13":1,"stat.mineBlock.minecraft.dirt":1261,"stat.pickup.minecraft.record_13":3,"stat.useItem.minecraft.torch":318,"stat.drop.minecraft.rotten_flesh":4,"stat.drop.minecraft.porkchop":13,"stat.pickup.minecraft.birch_fence_gate":1,"stat.craftItem.minecraft.stone_stairs":208,"stat.pickup.minecraft.crafting_table":1,"stat.useItem.minecraft.cobblestone":32,"stat.craftItem.minecraft.crafting_table":1,"stat.mineBlock.minecraft.double_plant":61,"stat.pickup.minecraft.log":142,"stat.drop.minecraft.chicken":5,"stat.pickup.minecraft.iron_pickaxe":7,"stat.drop.minecraft.iron_ore":38,"stat.craftItem.minecraft.gold_ingot":8,"stat.pickup.minecraft.chicken":7,"stat.pickup.minecraft.sapling":21,"stat.pickup.minecraft.apple":4,"stat.useItem.minecraft.glass_pane":8,"stat.breakItem.minecraft.stone_shovel":1,"stat.pickup.minecraft.beetroot":3,"stat.craftItem.minecraft.bucket":2,"stat.craftItem.minecraft.planks":1336,"stat.useItem.minecraft.iron_sword":429,"stat.pickup.minecraft.stone_sword":6,"stat.mineBlock.minecraft.log":145,"stat.craftItem.minecraft.cooked_chicken":1,"stat.pickup.minecraft.red_flower":217,"stat.useItem.minecraft.beetroot_seeds":12,"stat.sneakTime":10766,"stat.pickup.minecraft.wool":2,"stat.mineBlock.minecraft.cobblestone_wall":7,"stat.useItem.minecraft.wooden_axe":48,"stat.pickup.minecraft.yellow_flower":8,"stat.pickup.minecraft.chest":9,"stat.pickup.minecraft.bone":19,"stat.useItem.minecraft.iron_axe":312,"stat.mineBlock.minecraft.cobblestone":2,"stat.pickup.minecraft.stone_pickaxe":6,"stat.mineBlock.minecraft.yellow_flower":5,"stat.craftItem.minecraft.wool":8,"stat.mineBlock.minecraft.stained_glass_pane":3,"stat.swimOneCm":93891,"stat.climbOneCm":9706,"stat.drop.minecraft.cobblestone":26,"stat.breakItem.minecraft.iron_pickaxe":15,"stat.useItem.minecraft.dirt":450,"stat.pickup.minecraft.bow":3,"stat.pickup.minecraft.iron_boots":3,"stat.pickup.minecraft.diamond_horse_armor":1,"stat.craftItem.minecraft.cooked_beef":28,"stat.pickup.minecraft.cobblestone":1930,"stat.useItem.minecraft.stone_shovel":86,"stat.flyOneCm":508677,"stat.pickup.minecraft.glass_bottle":2,"stat.useItem.minecraft.cooked_beef":34,"stat.craftItem.minecraft.wooden_slab":72,"stat.craftItem.minecraft.stained_glass":104,"stat.pickup.minecraft.redstone":683,"stat.mineBlock.minecraft.iron_ore":180,"stat.timeSinceDeath":181274,"stat.drop.minecraft.log":14,"stat.useItem.minecraft.wooden_slab":75,"stat.pickup.minecraft.mutton":2,"stat.drop.minecraft.coal":41,"stat.pickup.minecraft.wooden_axe":4,"stat.drop.minecraft.dirt":13,"stat.useItem.minecraft.cooked_porkchop":8,"stat.pickup.minecraft.iron_shovel":2,"stat.mineBlock.minecraft.coal_ore":856,"stat.killEntity.Creeper":4,"stat.mineBlock.minecraft.red_mushroom_block":47,"stat.pickup.minecraft.string":46,"stat.entityKilledBy.Skeleton":3,"stat.sprintOneCm":996120,"stat.craftItem.minecraft.stick":424,"stat.craftItem.minecraft.wooden_axe":1,"stat.craftItem.minecraft.stone":952,"stat.mineBlock.minecraft.diamond_ore":8,"stat.mineBlock.minecraft.crafting_table":1,"stat.breakItem.minecraft.iron_hoe":1,"stat.useItem.minecraft.wooden_shovel":60,"stat.useItem.minecraft.bucket":81,"stat.entityKilledBy.Creeper":2,"stat.pickup.minecraft.sugar":1,"stat.mineBlock.minecraft.planks":10,"stat.drop":18,"stat.killEntity.Sheep":2,"stat.breakItem.minecraft.iron_shovel":3,"stat.useItem.minecraft.melon_seeds":8,"stat.killEntity.Zombie":19,"stat.craftItem.minecraft.dye":37,"stat.mineBlock.minecraft.gold_ore":45,"stat.diveOneCm":22881,"stat.pickup.minecraft.wheat":30,"stat.craftItem.minecraft.jukebox":1,"stat.pickup.minecraft.gravel":8,"stat.craftItem.minecraft.cooked_porkchop":8,"stat.pickup.minecraft.stone_axe":4,"stat.useItem.minecraft.apple":4,"stat.useItem.minecraft.stained_glass_pane":3,"stat.jump":5293,"stat.pickup.minecraft.fence":2,"stat.pickup.minecraft.coal":1543,"stat.pickup.minecraft.iron_helmet":3,"stat.pickup.minecraft.iron_ingot":10,"stat.useItem.minecraft.stone_axe":4,"stat.pickup.minecraft.gunpowder":20,"stat.craftItem.minecraft.bread":11,"stat.pickup.minecraft.spider_eye":8,"stat.craftItem.minecraft.torch":508,"stat.pickup.minecraft.dirt":1329,"stat.pickup.minecraft.iron_ore":225,"stat.useItem.minecraft.glass":36,"stat.pickup.minecraft.gold_ore":116,"stat.useItem.minecraft.sapling":1,"stat.mineBlock.minecraft.lapis_ore":10,"stat.mineBlock.minecraft.glass_pane":6,"stat.mineBlock.minecraft.leaves2":2,"stat.mineBlock.minecraft.stone_stairs":3,"stat.damageTaken":4522,"stat.pickup.minecraft.leather":12,"stat.mineBlock.minecraft.torch":42,"stat.mineBlock.minecraft.red_flower":240,"stat.mineBlock.minecraft.melon_block":3,"stat.useItem.minecraft.wooden_pickaxe":210,"stat.mineBlock.minecraft.sapling":1,"stat.pickup.minecraft.log2":74,"stat.pickup.minecraft.reeds":100,"stat.entityKilledBy.Zombie":1,"stat.damageDealt":12304,"stat.craftItem.minecraft.glass":239,"stat.killEntity.Cow":12,"stat.useItem.minecraft.crafting_table":2,"stat.killEntity.Pig":6,"stat.craftItem.minecraft.iron_sword":1,"stat.walkOneCm":2253683,"stat.useItem.minecraft.chest":29,"stat.pickup.minecraft.stick":42,"stat.breakItem.minecraft.stone_pickaxe":3,"stat.useItem.minecraft.birch_fence_gate":1,"stat.pickup.minecraft.stone":1479,"stat.craftItem.minecraft.iron_chestplate":1,"stat.pickup.minecraft.cooked_beef":51,"stat.pickup.minecraft.gold_ingot":8,"stat.killEntity.Skeleton":12,"stat.craftItem.minecraft.stained_glass_pane":16,"stat.killEntity.Chicken":4,"stat.killEntity.Spider":9,"stat.pickup.minecraft.bread":1,"stat.mobKills":72,"stat.craftItem.minecraft.fence":240,"stat.pickup.minecraft.water_bucket":1,"stat.useItem.minecraft.cobblestone_wall":17,"stat.pickup.minecraft.diamond":8,"stat.mineBlock.minecraft.leaves":63,"stat.pickup.minecraft.beetroot_seeds":12,"stat.breakItem.minecraft.wooden_shovel":1,"stat.pickup.minecraft.torch":720,"stat.mineBlock.minecraft.redstone_ore":93,"stat.drop.minecraft.beef":21,"stat.mineBlock.minecraft.stone":3018,"stat.breakItem.minecraft.wooden_pickaxe":2}